<?xml version="1.0" encoding="UTF-8" standalone="yes"?>
<employees>
    <employee>
        <last-name>Petrov</last-name>
        <age>45</age>
    </employee>
    <employee>
        <last-name>Rusev</last-name>
        <age>21</age>
    </employee>
    <employee>
        <last-name>Georgiev</last-name>
        <age>24</age>
    </employee>
    <employee>
        <last-name>Hristova</last-name>
        <age>28</age>
    </employee>
    <employee>
        <last-name>Todorov</last-name>
        <age>31</age>
    </employee>
    <employee>
        <last-name>Angelov</last-name>
        <age>19</age>
    </employee>
    <employee>
        <last-name>Minkov</last-name>
        <age>47</age>
    </employee>
    <employee>
        <last-name>Spasov</last-name>
        <age>49</age>
    </employee>
    <employee>
        <last-name>Blagoev</last-name>
        <age>51</age>
    </employee>
    <employee>
        <last-name>Zvezdev</last-name>
        <age>34</age>
    </employee>
    <employee>
        <last-name>Spasov</last-name>
        <age>32</age>
    </employee>
    <employee>
        <last-name>Mytafchiev</last-name>
        <age>28</age>
    </employee>
    <employee>
        <last-name>Stoyanova</last-name>
        <age>29</age>
    </employee>
    <employee>
        <last-name>Ivanova</last-name>
        <age>24</age>
    </employee>
    <employee>
        <last-name>Zlatova</last-name>
        <age>25</age>
    </employee>
    <employee>
        <last-name>Popov</last-name>
        <age>26</age>
    </employee>
    <employee>
        <last-name>Nikolova</last-name>
        <age>27</age>
    </employee>
    <employee>
        <last-name>Stanoev</last-name>
        <age>31</age>
    </employee>
    <employee>
        <last-name>Valerieva</last-name>
        <age>32</age>
    </employee>
    <employee>
        <last-name>Mitrev</last-name>
        <age>34</age>
    </employee>
    <employee>
        <last-name>Vasev</last-name>
        <age>32</age>
    </employee>
    <employee>
        <last-name>Todorov</last-name>
        <age>18</age>
    </employee>
    <employee>
        <last-name>Borisov</last-name>
        <age>19</age>
    </employee>
    <employee>
        <last-name>Deyanov</last-name>
        <age>19</age>
    </employee>
    <employee>
        <last-name>Todorova</last-name>
        <age>16</age>
    </employee>
    <employee>
        <last-name>Hristova</last-name>
        <age>21</age>
    </employee>
</employees>
